{
    "mcqs": [
      {
        "question": "What does 'LLM' stand for in the context of AI?",
        "options": {
          "option1": "Large Language Model",
          "option2": "Logical Learning Machine",
          "option3": "Linear Learning Model",
          "option4": "Large Linguistic Machine"
        },
        "answer": 1
      },
      {
        "question": "Which of the following is a key component in training LLMs like ChatGPT?",
        "options": {
          "option1": "Supervised Learning",
          "option2": "Transformer Architecture",
          "option3": "Convolutional Neural Networks (CNNs)",
          "option4": "Decision Trees"
        },
        "answer": 2
      },
      {
        "question": "What is the primary purpose of ChatGPT?",
        "options": {
          "option1": "Image Recognition",
          "option2": "Game Playing",
          "option3": "Natural Language Processing (NLP)",
          "option4": "Data Mining"
        },
        "answer": 3
      },
      {
        "question": "Which of the following companies developed ChatGPT?",
        "options": {
          "option1": "OpenAI",
          "option2": "Google",
          "option3": "Facebook",
          "option4": "Microsoft"
        },
        "answer": 1
      },
      {
        "question": "What does the 'GPT' in ChatGPT stand for?",
        "options": {
          "option1": "Generalized Preprocessing Transformer",
          "option2": "Generic Predictive Text",
          "option3": "Generative Pre-trained Transformer",
          "option4": "Graphical Processing Transformer"
        },
        "answer": 3
      }

      
    ]
  }
  